"Timestamp","ProcessId","ParentProcessId","Name","ExecutablePath"
"2026-06-18T05:48:57.1593334+00:00","3376","4040","curl.exe","C:\Windows\system32\curl.exe"
"2026-06-18T05:48:57.1754538+00:00","3616","3376","conhost.exe","C:\Windows\system32\conhost.exe"
"2026-06-18T05:48:57.1754538+00:00","2620","4040","powershell.exe","C:\Windows\System32\WindowsPowerShell\v1.0\powershell.exe"
"2026-06-18T05:48:57.1754538+00:00","2032","2620","conhost.exe","C:\Windows\system32\conhost.exe"
"2026-06-18T05:48:58.4790455+00:00","3376","4040","curl.exe","C:\Windows\system32\curl.exe"
"2026-06-18T05:48:58.4790455+00:00","3616","3376","conhost.exe","C:\Windows\system32\conhost.exe"
"2026-06-18T05:48:58.4790455+00:00","2620","4040","powershell.exe","C:\Windows\System32\WindowsPowerShell\v1.0\powershell.exe"
"2026-06-18T05:48:58.4790455+00:00","2032","2620","conhost.exe","C:\Windows\system32\conhost.exe"
"2026-06-18T05:48:59.0898014+00:00","3376","4040","curl.exe","C:\Windows\system32\curl.exe"
"2026-06-18T05:48:59.0898014+00:00","3616","3376","conhost.exe","C:\Windows\system32\conhost.exe"
"2026-06-18T05:48:59.0898014+00:00","2620","4040","powershell.exe","C:\Windows\System32\WindowsPowerShell\v1.0\powershell.exe"
"2026-06-18T05:48:59.0898014+00:00","2032","2620","conhost.exe","C:\Windows\system32\conhost.exe"
"2026-06-18T05:48:59.6843690+00:00","3376","4040","curl.exe","C:\Windows\system32\curl.exe"
"2026-06-18T05:48:59.6843690+00:00","3616","3376","conhost.exe","C:\Windows\system32\conhost.exe"
"2026-06-18T05:48:59.6843690+00:00","2620","4040","powershell.exe","C:\Windows\System32\WindowsPowerShell\v1.0\powershell.exe"
"2026-06-18T05:48:59.6843690+00:00","2032","2620","conhost.exe","C:\Windows\system32\conhost.exe"
"2026-06-18T05:49:00.3251898+00:00","3376","4040","curl.exe","C:\Windows\system32\curl.exe"
"2026-06-18T05:49:00.3251898+00:00","3616","3376","conhost.exe","C:\Windows\system32\conhost.exe"
"2026-06-18T05:49:00.3251898+00:00","2620","4040","powershell.exe","C:\Windows\System32\WindowsPowerShell\v1.0\powershell.exe"
"2026-06-18T05:49:00.3251898+00:00","2032","2620","conhost.exe","C:\Windows\system32\conhost.exe"
"2026-06-18T05:49:00.9191449+00:00","3376","4040","curl.exe","C:\Windows\system32\curl.exe"
"2026-06-18T05:49:00.9191449+00:00","3616","3376","conhost.exe","C:\Windows\system32\conhost.exe"
"2026-06-18T05:49:00.9191449+00:00","2620","4040","powershell.exe","C:\Windows\System32\WindowsPowerShell\v1.0\powershell.exe"
"2026-06-18T05:49:00.9191449+00:00","2032","2620","conhost.exe","C:\Windows\system32\conhost.exe"
"2026-06-18T05:49:01.8877789+00:00","3376","4040","curl.exe","C:\Windows\system32\curl.exe"
"2026-06-18T05:49:01.8877789+00:00","3616","3376","conhost.exe","C:\Windows\system32\conhost.exe"
"2026-06-18T05:49:01.9034955+00:00","2620","4040","powershell.exe","C:\Windows\System32\WindowsPowerShell\v1.0\powershell.exe"
"2026-06-18T05:49:01.9034955+00:00","2032","2620","conhost.exe","C:\Windows\system32\conhost.exe"
"2026-06-18T05:49:02.8568056+00:00","3376","4040","curl.exe","C:\Windows\system32\curl.exe"
"2026-06-18T05:49:02.8568056+00:00","3616","3376","conhost.exe","C:\Windows\system32\conhost.exe"
"2026-06-18T05:49:02.8568056+00:00","2620","4040","powershell.exe","C:\Windows\System32\WindowsPowerShell\v1.0\powershell.exe"
"2026-06-18T05:49:02.8568056+00:00","2032","2620","conhost.exe","C:\Windows\system32\conhost.exe"
"2026-06-18T05:49:03.4815325+00:00","3376","4040","curl.exe","C:\Windows\system32\curl.exe"
"2026-06-18T05:49:03.4815325+00:00","3616","3376","conhost.exe","C:\Windows\system32\conhost.exe"
"2026-06-18T05:49:03.4815325+00:00","2620","4040","powershell.exe","C:\Windows\System32\WindowsPowerShell\v1.0\powershell.exe"
"2026-06-18T05:49:03.4815325+00:00","2032","2620","conhost.exe","C:\Windows\system32\conhost.exe"
"2026-06-18T05:49:04.0752849+00:00","3376","4040","curl.exe","C:\Windows\system32\curl.exe"
"2026-06-18T05:49:04.0752849+00:00","3616","3376","conhost.exe","C:\Windows\system32\conhost.exe"
"2026-06-18T05:49:04.0752849+00:00","2620","4040","powershell.exe","C:\Windows\System32\WindowsPowerShell\v1.0\powershell.exe"
"2026-06-18T05:49:04.0752849+00:00","2032","2620","conhost.exe","C:\Windows\system32\conhost.exe"
"2026-06-18T05:49:04.6541187+00:00","3376","4040","curl.exe","C:\Windows\system32\curl.exe"
"2026-06-18T05:49:04.6541187+00:00","3616","3376","conhost.exe","C:\Windows\system32\conhost.exe"
"2026-06-18T05:49:05.2166268+00:00","3376","4040","curl.exe","C:\Windows\system32\curl.exe"
"2026-06-18T05:49:05.2166268+00:00","3616","3376","conhost.exe","C:\Windows\system32\conhost.exe"
"2026-06-18T05:49:05.7786568+00:00","3376","4040","curl.exe","C:\Windows\system32\curl.exe"
"2026-06-18T05:49:05.7786568+00:00","3616","3376","conhost.exe","C:\Windows\system32\conhost.exe"
"2026-06-18T05:49:06.3414437+00:00","3376","4040","curl.exe","C:\Windows\system32\curl.exe"
"2026-06-18T05:49:06.3414437+00:00","3616","3376","conhost.exe","C:\Windows\system32\conhost.exe"
"2026-06-18T05:49:06.9043072+00:00","3376","4040","curl.exe","C:\Windows\system32\curl.exe"
"2026-06-18T05:49:06.9043072+00:00","3616","3376","conhost.exe","C:\Windows\system32\conhost.exe"
"2026-06-18T05:49:07.4828676+00:00","3376","4040","curl.exe","C:\Windows\system32\curl.exe"
"2026-06-18T05:49:07.4828676+00:00","3616","3376","conhost.exe","C:\Windows\system32\conhost.exe"
"2026-06-18T05:49:08.0452593+00:00","3376","4040","curl.exe","C:\Windows\system32\curl.exe"
"2026-06-18T05:49:08.0452593+00:00","3616","3376","conhost.exe","C:\Windows\system32\conhost.exe"
"2026-06-18T05:49:08.6088057+00:00","3376","4040","curl.exe","C:\Windows\system32\curl.exe"
"2026-06-18T05:49:08.6088057+00:00","3616","3376","conhost.exe","C:\Windows\system32\conhost.exe"
"2026-06-18T05:49:09.2025363+00:00","3376","4040","curl.exe","C:\Windows\system32\curl.exe"
"2026-06-18T05:49:09.2025363+00:00","3616","3376","conhost.exe","C:\Windows\system32\conhost.exe"
"2026-06-18T05:49:09.7655511+00:00","3376","4040","curl.exe","C:\Windows\system32\curl.exe"
"2026-06-18T05:49:09.7655511+00:00","3616","3376","conhost.exe","C:\Windows\system32\conhost.exe"
"2026-06-18T05:49:10.3129900+00:00","3376","4040","curl.exe","C:\Windows\system32\curl.exe"
"2026-06-18T05:49:10.3129900+00:00","3616","3376","conhost.exe","C:\Windows\system32\conhost.exe"
"2026-06-18T05:49:10.8914728+00:00","3376","4040","curl.exe","C:\Windows\system32\curl.exe"
"2026-06-18T05:49:10.8914728+00:00","3616","3376","conhost.exe","C:\Windows\system32\conhost.exe"
"2026-06-18T05:49:11.4385807+00:00","3376","4040","curl.exe","C:\Windows\system32\curl.exe"
"2026-06-18T05:49:11.4385807+00:00","3616","3376","conhost.exe","C:\Windows\system32\conhost.exe"
"2026-06-18T05:49:12.0174352+00:00","3376","4040","curl.exe","C:\Windows\system32\curl.exe"
"2026-06-18T05:49:12.0174352+00:00","3616","3376","conhost.exe","C:\Windows\system32\conhost.exe"
"2026-06-18T05:49:12.5649393+00:00","3376","4040","curl.exe","C:\Windows\system32\curl.exe"
"2026-06-18T05:49:12.5649393+00:00","3616","3376","conhost.exe","C:\Windows\system32\conhost.exe"
"2026-06-18T05:49:13.1274375+00:00","3376","4040","curl.exe","C:\Windows\system32\curl.exe"
"2026-06-18T05:49:13.1274375+00:00","3616","3376","conhost.exe","C:\Windows\system32\conhost.exe"
"2026-06-18T05:49:13.6902989+00:00","3376","4040","curl.exe","C:\Windows\system32\curl.exe"
"2026-06-18T05:49:13.6902989+00:00","3616","3376","conhost.exe","C:\Windows\system32\conhost.exe"
"2026-06-18T05:49:14.2682039+00:00","3376","4040","curl.exe","C:\Windows\system32\curl.exe"
"2026-06-18T05:49:14.2682039+00:00","3616","3376","conhost.exe","C:\Windows\system32\conhost.exe"
"2026-06-18T05:49:14.8474021+00:00","3376","4040","curl.exe","C:\Windows\system32\curl.exe"
"2026-06-18T05:49:14.8474021+00:00","3616","3376","conhost.exe","C:\Windows\system32\conhost.exe"
"2026-06-18T05:49:15.3945466+00:00","3376","4040","curl.exe","C:\Windows\system32\curl.exe"
"2026-06-18T05:49:15.3945466+00:00","3616","3376","conhost.exe","C:\Windows\system32\conhost.exe"
